id,provider_id,name,era,seasons,regular_games,regular_ppg,regular_rpg,regular_apg,regular_spg,regular_bpg,regular_fg_pct,regular_three_pct,regular_ft_pct,playoff_games,playoff_ppg,playoff_rpg,playoff_apg,playoff_spg,playoff_bpg,playoff_fg_pct,playoff_three_pct,playoff_ft_pct,mvp,all_nba,dpoy,championships,finals_mvp,award_source,record_source,image_license
abdul-jabbar-kareem,76003,Kareem Abdul-Jabbar,1970s,20,1560,24.6,11.2,3.6,,,55.9,5.6,72.1,237,24.3,10.5,3.2,,,53.3,0.0,74.0,6,15,0,6,2,https://www.nba.com/stats/player/76003/awards,https://www.nba.com/stats/player/76003/traditional?PerMode=Totals,NBA.com CDN public-source development import.
allen-ray,951,Ray Allen,2000s,18,1300,18.9,4.1,3.4,1.1,0.2,45.2,40.0,89.4,171,16.1,3.8,2.6,1.0,0.2,44.3,40.1,88.3,0,2,0,2,0,https://www.nba.com/stats/player/951/awards,https://www.nba.com/stats/player/951/traditional?PerMode=Totals,NBA.com CDN public-source development import.
antetokounmpo-giannis,203507,Giannis Antetokounmpo,2010s,13,895,24.1,9.9,5.0,1.1,1.2,55.4,28.5,69.1,84,27.0,12.2,5.3,1.0,1.3,53.2,25.9,62.5,2,9,1,1,1,https://www.nba.com/stats/player/203507/awards,https://www.nba.com/stats/player/203507/traditional?PerMode=Totals,NBA.com CDN public-source development import.
anthony-carmelo,2546,Carmelo Anthony,2010s,19,1260,22.5,6.2,2.7,1.0,0.5,44.7,35.5,81.4,83,23.1,6.7,2.5,1.2,0.3,41.4,32.4,82.6,0,6,0,0,0,https://www.nba.com/stats/player/2546/awards,https://www.nba.com/stats/player/2546/traditional?PerMode=Totals,NBA.com CDN public-source development import.
archibald-nate,76054,Nate Archibald,1970s,13,876,18.8,2.3,7.4,,,46.7,22.4,81.0,47,14.2,1.6,6.5,,,42.3,11.8,82.6,0,5,0,1,0,https://www.nba.com/stats/player/76054/awards,https://www.nba.com/stats/player/76054/traditional?PerMode=Totals,NBA.com CDN public-source development import.
arizin-paul,76056,Paul Arizin,1950s,10,713,22.8,8.6,2.3,,,42.1,,81.0,49,24.2,8.2,2.6,,,41.1,,82.9,0,4,,1,,https://www.nba.com/stats/player/76056/awards,https://www.nba.com/stats/player/76056/traditional?PerMode=Totals,NBA.com CDN public-source development import.
barkley-charles,787,Charles Barkley,1990s,16,1073,22.1,11.7,3.9,1.5,0.8,54.1,26.6,73.5,123,23.0,12.9,3.9,1.6,0.9,51.3,25.5,71.7,1,11,0,0,0,https://www.nba.com/stats/player/787/awards,https://www.nba.com/stats/player/787/traditional?PerMode=Totals,NBA.com CDN public-source development import.
barry-rick,600013,Rick Barry,1970s,10,794,23.2,6.5,5.1,,,44.9,33.0,90.0,74,24.8,5.6,4.6,,,42.6,25.0,87.5,0,6,,1,1,https://www.nba.com/stats/player/600013/awards,https://www.nba.com/stats/player/600013/traditional?PerMode=Totals,NBA.com CDN public-source development import.
baylor-elgin,76127,Elgin Baylor,1960s,14,846,27.4,13.5,4.3,,,43.1,,78.0,134,27.0,12.9,4.0,,,43.9,,77.1,0,10,,0,0,https://www.nba.com/stats/player/76127/awards,https://www.nba.com/stats/player/76127/traditional?PerMode=Totals,NBA.com CDN public-source development import.
bing-dave,76166,Dave Bing,1970s,12,901,20.3,3.8,6.0,,,44.1,,77.5,31,15.4,2.7,4.3,,,42.3,,74.8,0,3,,0,0,https://www.nba.com/stats/player/76166/awards,https://www.nba.com/stats/player/76166/traditional?PerMode=Totals,NBA.com CDN public-source development import.
bird-larry,1449,Larry Bird,1980s,13,897,24.3,10.0,6.3,1.7,0.8,49.6,37.6,88.6,164,23.8,10.3,6.5,1.8,0.9,47.2,32.1,89.0,3,10,0,3,2,https://www.nba.com/stats/player/1449/awards,https://www.nba.com/stats/player/1449/traditional?PerMode=Totals,NBA.com CDN public-source development import.
bryant-kobe,977,Kobe Bryant,2000s,20,1346,25.0,5.2,4.7,1.4,0.5,44.7,32.9,83.7,220,25.6,5.1,4.7,1.4,0.7,44.8,33.1,81.6,1,15,0,5,2,https://www.nba.com/stats/player/977/awards,https://www.nba.com/stats/player/977/traditional?PerMode=Totals,NBA.com CDN public-source development import.
chamberlain-wilt,76375,Wilt Chamberlain,1960s,14,1045,30.1,22.9,4.4,,,54.0,,51.1,160,22.5,24.5,4.2,,,52.2,,46.5,4,10,,2,1,https://www.nba.com/stats/player/76375/awards,https://www.nba.com/stats/player/76375/traditional?PerMode=Totals,NBA.com CDN public-source development import.
cousy-bob,600003,Bob Cousy,1950s,14,924,18.4,5.2,7.5,,,37.5,,80.3,109,18.5,5.0,8.6,,,34.2,,80.1,1,12,,6,0,https://www.nba.com/stats/player/600003/awards,https://www.nba.com/stats/player/600003/traditional?PerMode=Totals,NBA.com CDN public-source development import.
cowens-dave,76462,Dave Cowens,1970s,11,766,17.6,13.6,3.8,,,46.0,7.1,78.3,89,18.9,14.4,3.7,,,45.1,0.0,74.4,1,3,0,2,0,https://www.nba.com/stats/player/76462/awards,https://www.nba.com/stats/player/76462/traditional?PerMode=Totals,NBA.com CDN public-source development import.
cunningham-billy,76487,Billy Cunningham,1960s,9,654,20.8,10.1,4.0,,,44.6,,72.0,39,19.4,9.1,3.2,,,42.7,,68.6,0,4,,1,0,https://www.nba.com/stats/player/76487/awards,https://www.nba.com/stats/player/76487/traditional?PerMode=Totals,NBA.com CDN public-source development import.
curry-stephen,201939,Stephen Curry,2010s,17,1069,24.8,4.7,6.3,1.5,0.3,47.1,42.2,91.2,155,26.8,5.3,6.1,1.5,0.3,45.4,39.7,88.9,2,11,0,4,1,https://www.nba.com/stats/player/201939/awards,https://www.nba.com/stats/player/201939/traditional?PerMode=Totals,NBA.com CDN public-source development import.
davis-anthony,203076,Anthony Davis,2010s,14,807,24.0,10.7,2.6,1.3,2.3,52.2,29.5,79.3,60,26.1,11.8,2.8,1.3,2.1,54.2,31.3,84.0,0,5,0,1,0,https://www.nba.com/stats/player/203076/awards,https://www.nba.com/stats/player/203076/traditional?PerMode=Totals,NBA.com CDN public-source development import.
debusschere-dave,76545,Dave DeBusschere,1960s,12,875,16.1,11.0,2.9,,,43.2,,69.9,96,16.0,12.0,2.6,,,41.6,,69.8,0,1,,2,0,https://www.nba.com/stats/player/76545/awards,https://www.nba.com/stats/player/76545/traditional?PerMode=Totals,NBA.com CDN public-source development import.
drexler-clyde,17,Clyde Drexler,1980s,15,1086,20.4,6.1,5.6,2.0,0.7,47.2,31.8,78.8,145,20.4,6.9,6.1,1.9,0.7,44.7,28.8,78.7,0,5,0,1,0,https://www.nba.com/stats/player/17/awards,https://www.nba.com/stats/player/17/traditional?PerMode=Totals,NBA.com CDN public-source development import.
duncan-tim,1495,Tim Duncan,2000s,19,1392,19.0,10.8,3.0,0.7,2.2,50.6,17.9,69.6,251,20.6,11.4,3.0,0.7,2.3,50.1,14.3,68.9,2,15,0,5,3,https://www.nba.com/stats/player/1495/awards,https://www.nba.com/stats/player/1495/traditional?PerMode=Totals,NBA.com CDN public-source development import.
durant-kevin,201142,Kevin Durant,2010s,18,1201,27.1,6.9,4.4,1.0,1.1,50.3,39.2,88.2,171,29.3,7.8,4.2,1.0,1.2,47.8,35.5,86.8,1,12,0,2,2,https://www.nba.com/stats/player/201142/awards,https://www.nba.com/stats/player/201142/traditional?PerMode=Totals,NBA.com CDN public-source development import.
erving-julius,76681,Julius Erving,1980s,11,836,22.0,6.7,3.9,1.8,1.5,50.7,26.1,77.7,141,21.9,7.0,4.2,1.7,1.7,48.6,19.4,77.9,1,7,0,1,0,https://www.nba.com/stats/player/76681/awards,https://www.nba.com/stats/player/76681/traditional?PerMode=Totals,NBA.com CDN public-source development import.
ewing-patrick,201607,Patrick Ewing,2010s,1,7,0.4,0.3,0.3,0.0,0.1,0.0,0.0,75.0,2,1.5,0.0,0.0,0.0,0.0,100.0,100.0,,0,0,0,0,0,https://www.nba.com/stats/player/201607/awards,https://www.nba.com/stats/player/201607/traditional?PerMode=Totals,Wikimedia Commons CC BY-SA 3.0; Seidenstud; cropped from the original; https://commons.wikimedia.org/wiki/File:Patrick_Ewing_ca._1995_cropped.jpg
frazier-walt,76750,Walt Frazier,1970s,13,825,18.9,5.9,6.1,,,49.0,0.0,78.6,93,20.7,7.2,6.4,,,51.1,,75.1,0,6,,2,0,https://www.nba.com/stats/player/76750/awards,https://www.nba.com/stats/player/76750/traditional?PerMode=Totals,NBA.com CDN public-source development import.
garnett-kevin,708,Kevin Garnett,2000s,21,1462,17.8,10.0,3.7,1.3,1.4,49.7,27.5,78.9,143,18.2,10.7,3.3,1.2,1.3,47.8,27.3,78.9,1,9,1,1,0,https://www.nba.com/stats/player/708/awards,https://www.nba.com/stats/player/708/traditional?PerMode=Totals,NBA.com CDN public-source development import.
gervin-george,76804,George Gervin,1980s,10,791,26.2,4.6,2.8,1.2,0.8,51.1,29.7,84.4,59,27.0,5.8,3.2,1.2,0.9,50.8,0.0,82.1,0,7,0,0,0,https://www.nba.com/stats/player/76804/awards,https://www.nba.com/stats/player/76804/traditional?PerMode=Totals,NBA.com CDN public-source development import.
greer-hal,76882,Hal Greer,1960s,15,1122,19.2,5.0,4.0,,,45.2,,80.1,92,20.4,5.5,4.3,,,42.5,,81.2,0,7,,1,0,https://www.nba.com/stats/player/76882/awards,https://www.nba.com/stats/player/76882/traditional?PerMode=Totals,NBA.com CDN public-source development import.
harden-james,201935,James Harden,2010s,17,1221,24.0,5.6,7.3,1.5,0.6,43.9,36.4,86.3,191,22.2,5.4,6.4,1.6,0.6,42.4,33.7,86.6,1,8,0,0,0,https://www.nba.com/stats/player/201935/awards,https://www.nba.com/stats/player/201935/traditional?PerMode=Totals,NBA.com CDN public-source development import.
havlicek-john,76970,John Havlicek,1970s,16,1270,20.8,6.3,4.8,,,43.9,,81.5,172,22.0,6.9,4.8,,,43.6,,83.6,0,11,,8,1,https://www.nba.com/stats/player/76970/awards,https://www.nba.com/stats/player/76970/traditional?PerMode=Totals,NBA.com CDN public-source development import.
hayes-elvin,76979,Elvin Hayes,1970s,16,1303,21.0,12.5,1.8,,,45.2,14.7,67.0,96,22.9,13.0,1.9,,,46.4,,65.2,0,6,0,1,0,https://www.nba.com/stats/player/76979/awards,https://www.nba.com/stats/player/76979/traditional?PerMode=Totals,NBA.com CDN public-source development import.
james-lebron,2544,LeBron James,2010s,23,1622,26.8,7.5,7.4,1.5,0.7,50.7,34.8,73.7,302,28.2,8.9,7.2,1.7,1.0,49.5,33.2,74.1,4,21,0,4,4,https://www.nba.com/stats/player/2544/awards,https://www.nba.com/stats/player/2544/traditional?PerMode=Totals,NBA.com CDN public-source development import.
johnson-magic,77142,Magic Johnson,1980s,13,906,19.5,7.2,11.2,1.9,0.4,52.0,30.3,84.8,190,19.5,7.7,12.3,1.9,0.3,50.6,24.1,83.8,3,10,0,5,3,https://www.nba.com/stats/player/77142/awards,https://www.nba.com/stats/player/77142/traditional?PerMode=Totals,NBA.com CDN public-source development import.
jones-sam,77196,Sam Jones,1960s,12,871,17.7,4.9,2.5,,,45.6,,80.3,154,18.9,4.7,2.3,,,44.7,,81.1,0,3,,10,0,https://www.nba.com/stats/player/77196/awards,https://www.nba.com/stats/player/77196/traditional?PerMode=Totals,NBA.com CDN public-source development import.
jordan-michael,893,Michael Jordan,1990s,15,1072,30.1,6.2,5.3,2.3,0.8,49.7,32.7,83.5,179,33.4,6.4,5.7,2.1,0.9,48.7,33.2,82.8,5,11,1,6,6,https://www.nba.com/stats/player/893/awards,https://www.nba.com/stats/player/893/traditional?PerMode=Totals,NBA.com CDN public-source development import.
kidd-jason,467,Jason Kidd,2000s,19,1391,12.6,6.3,8.7,1.9,0.3,40.0,34.9,78.5,158,12.9,6.7,8.0,1.9,0.3,39.1,32.2,78.1,0,6,0,1,0,https://www.nba.com/stats/player/467/awards,https://www.nba.com/stats/player/467/traditional?PerMode=Totals,Wikimedia Commons public domain; Mwinog2777; https://commons.wikimedia.org/wiki/File:Jasonk1.jpg
iverson-allen,947,Allen Iverson,2000s,14,914,26.7,3.7,6.2,2.2,0.2,42.5,31.3,78.0,71,29.7,3.8,6.0,2.1,0.2,40.1,32.7,76.4,1,7,0,0,0,https://www.nba.com/stats/player/947/awards,https://www.nba.com/stats/player/947/traditional?PerMode=Totals,NBA.com CDN public-source development import.
leonard-kawhi,202695,Kawhi Leonard,2010s,14,798,20.7,6.4,3.1,1.7,0.6,49.9,39.1,86.3,146,21.5,7.8,3.0,1.8,0.7,51.3,39.9,84.1,0,7,2,2,2,https://www.nba.com/stats/player/202695/awards,https://www.nba.com/stats/player/202695/traditional?PerMode=Totals,NBA.com CDN public-source development import.
lillard-damian,203081,Damian Lillard,2010s,13,900,25.1,4.3,6.7,1.0,0.3,43.9,37.1,89.9,68,25.2,4.4,6.1,1.1,0.3,40.9,36.8,89.3,0,7,0,0,0,https://www.nba.com/stats/player/203081/awards,https://www.nba.com/stats/player/203081/traditional?PerMode=Totals,NBA.com CDN public-source development import.
lucas-jerry,77418,Jerry Lucas,1960s,11,829,17.0,15.6,3.3,,,49.9,,78.3,72,12.4,10.0,3.0,,,46.7,,78.6,0,5,,1,0,https://www.nba.com/stats/player/77418/awards,https://www.nba.com/stats/player/77418/traditional?PerMode=Totals,NBA.com CDN public-source development import.
malone-karl,252,Karl Malone,1990s,19,1476,25.0,10.1,3.6,1.4,0.8,51.6,27.4,74.2,193,24.7,10.7,3.2,1.3,0.7,46.3,16.2,73.6,2,14,0,0,0,https://www.nba.com/stats/player/252/awards,https://www.nba.com/stats/player/252/traditional?PerMode=Totals,NBA.com CDN public-source development import.
malone-moses,77449,Moses Malone,1980s,19,1329,20.6,12.2,1.4,0.8,1.3,49.1,10.0,76.9,94,22.1,13.8,1.4,0.9,1.6,47.9,14.3,76.2,3,8,0,1,1,https://www.nba.com/stats/player/77449/awards,https://www.nba.com/stats/player/77449/traditional?PerMode=Totals,NBA.com CDN public-source development import.
maravich-pete,77459,Pete Maravich,1970s,10,658,24.2,4.2,5.4,,,44.1,66.7,82.0,26,18.7,3.7,3.8,,,42.3,33.3,78.4,0,4,,0,0,https://www.nba.com/stats/player/77459/awards,https://www.nba.com/stats/player/77459/traditional?PerMode=Totals,NBA.com CDN public-source development import.
mcadoo-bob,77498,Bob McAdoo,1970s,14,852,22.1,9.4,2.3,,,50.3,8.1,75.4,94,18.3,7.6,1.4,,,49.1,25.0,72.4,1,2,0,2,0,https://www.nba.com/stats/player/77498/awards,https://www.nba.com/stats/player/77498/traditional?PerMode=Totals,NBA.com CDN public-source development import.
mchale-kevin,1450,Kevin McHale,1980s,13,971,17.9,7.3,1.7,0.4,1.7,55.4,26.1,79.8,169,18.8,7.4,1.6,0.4,1.7,56.1,38.1,78.8,0,1,0,3,0,https://www.nba.com/stats/player/1450/awards,https://www.nba.com/stats/player/1450/traditional?PerMode=Totals,NBA.com CDN public-source development import.
mikan-george,600012,George Mikan,1950s,7,439,23.1,9.5,2.8,,,40.4,,78.2,70,24.0,9.5,2.2,,,40.4,,78.6,0,6,,5,,https://www.nba.com/stats/player/600012/awards,https://www.nba.com/stats/player/600012/traditional?PerMode=Totals,NBA.com CDN public-source development import.
miller-reggie,397,Reggie Miller,1990s,18,1389,18.2,3.0,3.0,1.1,0.2,47.1,39.5,88.8,144,20.6,2.9,2.5,1.0,0.2,44.9,39.0,89.3,0,3,0,0,0,https://www.nba.com/stats/player/397/awards,https://www.nba.com/stats/player/397/traditional?PerMode=Totals,NBA.com CDN public-source development import.
monroe-earl,600006,Earl Monroe,1970s,13,926,18.8,3.0,3.9,,,46.4,,80.7,82,17.9,3.2,3.2,,,43.9,,79.1,0,1,,1,0,https://www.nba.com/stats/player/600006/awards,https://www.nba.com/stats/player/600006/traditional?PerMode=Totals,NBA.com CDN public-source development import.
nash-steve,959,Steve Nash,2000s,18,1217,14.3,3.0,8.5,0.7,0.1,49.0,42.8,90.4,120,17.3,3.5,8.8,0.6,0.1,47.3,40.6,90.0,2,7,0,0,0,https://www.nba.com/stats/player/959/awards,https://www.nba.com/stats/player/959/traditional?PerMode=Totals,NBA.com CDN public-source development import.
nowitzki-dirk,1717,Dirk Nowitzki,2000s,21,1522,20.7,7.5,2.4,0.8,0.8,47.1,38.0,87.9,145,25.3,10.0,2.5,1.0,0.9,46.2,36.5,89.2,1,12,0,1,1,https://www.nba.com/stats/player/1717/awards,https://www.nba.com/stats/player/1717/traditional?PerMode=Totals,NBA.com CDN public-source development import.
oneal-shaquille,406,Shaquille O’Neal,2000s,19,1207,23.7,10.9,2.5,0.6,2.3,58.2,4.5,52.7,216,24.3,11.6,2.7,0.5,2.1,56.3,,50.4,1,14,0,4,3,https://www.nba.com/stats/player/406/awards,https://www.nba.com/stats/player/406/traditional?PerMode=Totals,NBA.com CDN public-source development import.
olajuwon-hakeem,165,Hakeem Olajuwon,1990s,18,1238,21.8,11.1,2.5,1.7,3.1,51.2,20.2,71.2,145,25.9,11.2,3.2,1.7,3.3,52.8,22.2,71.9,1,12,2,2,2,https://www.nba.com/stats/player/165/awards,https://www.nba.com/stats/player/165/traditional?PerMode=Totals,NBA.com CDN public-source development import.
parish-robert,305,Robert Parish,1980s,21,1611,14.5,9.1,1.4,0.8,1.5,53.7,0.0,72.1,184,15.3,9.6,1.3,0.8,1.7,50.6,0.0,72.2,0,2,0,4,0,https://www.nba.com/stats/player/305/awards,https://www.nba.com/stats/player/305/traditional?PerMode=Totals,NBA.com CDN public-source development import.
paul-chris,101108,Chris Paul,2010s,21,1370,16.8,4.4,9.2,2.0,0.2,46.9,37.0,87.0,149,20.0,4.9,8.3,1.9,0.2,48.4,37.3,85.4,0,11,0,0,0,https://www.nba.com/stats/player/101108/awards,https://www.nba.com/stats/player/101108/traditional?PerMode=Totals,NBA.com CDN public-source development import.
payton-gary,56,Gary Payton,1990s,17,1335,16.3,3.9,6.7,1.8,0.2,46.6,31.7,72.9,154,14.0,3.7,5.3,1.4,0.2,44.1,31.5,70.6,0,9,1,1,0,https://www.nba.com/stats/player/56/awards,https://www.nba.com/stats/player/56/traditional?PerMode=Totals,NBA.com CDN public-source development import.
pettit-bob,77847,Bob Pettit,1950s,11,792,26.4,16.2,3.0,,,43.6,,76.1,88,25.5,14.8,2.7,,,41.8,,77.4,2,11,,1,,https://www.nba.com/stats/player/77847/awards,https://www.nba.com/stats/player/77847/traditional?PerMode=Totals,NBA.com CDN public-source development import.
pierce-paul,1718,Paul Pierce,2000s,19,1343,19.7,5.6,3.5,1.3,0.6,44.5,36.8,80.6,170,18.7,5.8,3.4,1.2,0.6,42.3,35.5,83.0,0,4,0,1,1,https://www.nba.com/stats/player/1718/awards,https://www.nba.com/stats/player/1718/traditional?PerMode=Totals,NBA.com CDN public-source development import.
pippen-scottie,937,Scottie Pippen,1990s,17,1178,16.1,6.4,5.2,2.0,0.8,47.3,32.6,70.4,208,17.5,7.6,5.0,1.9,0.9,44.4,30.3,72.4,0,7,0,6,0,https://www.nba.com/stats/player/937/awards,https://www.nba.com/stats/player/937/traditional?PerMode=Totals,NBA.com CDN public-source development import.
reed-willis,77929,Willis Reed,1960s,10,650,18.7,12.9,1.8,,,47.6,,74.7,78,17.4,10.3,1.9,,,47.4,,76.5,1,5,,2,2,https://www.nba.com/stats/player/77929/awards,https://www.nba.com/stats/player/77929/traditional?PerMode=Totals,NBA.com CDN public-source development import.
robertson-oscar,600015,Oscar Robertson,1960s,14,1040,25.7,7.5,9.5,,,48.5,,83.8,86,22.2,6.7,8.9,,,46.0,,85.5,1,11,,1,0,https://www.nba.com/stats/player/600015/awards,https://www.nba.com/stats/player/600015/traditional?PerMode=Totals,NBA.com CDN public-source development import.
robinson-david,764,David Robinson,1990s,14,987,21.1,10.6,2.5,1.4,3.0,51.8,25.0,73.6,123,18.1,10.6,2.3,1.2,2.5,47.9,10.0,70.8,1,10,1,2,0,https://www.nba.com/stats/player/764/awards,https://www.nba.com/stats/player/764/traditional?PerMode=Totals,NBA.com CDN public-source development import.
rodman-dennis,23,Dennis Rodman,1990s,14,911,7.3,13.1,1.8,0.7,0.6,52.1,23.1,58.4,169,6.4,9.9,1.2,0.6,0.6,49.0,14.9,54.0,0,2,2,5,0,https://www.nba.com/stats/player/23/awards,https://www.nba.com/stats/player/23/traditional?PerMode=Totals,NBA.com CDN public-source development import.
russell-bill,78049,Bill Russell,1960s,13,963,15.1,22.5,4.3,,,44.0,,56.1,165,16.2,24.9,4.7,,,43.0,,60.3,5,11,,11,0,https://www.nba.com/stats/player/78049/awards,https://www.nba.com/stats/player/78049/traditional?PerMode=Totals,NBA.com CDN public-source development import.
schayes-dolph,78076,Dolph Schayes,1950s,15,996,18.5,11.3,3.1,,,38.0,,84.9,97,19.5,10.8,2.6,,,39.0,,82.5,0,12,,1,,https://www.nba.com/stats/player/78076/awards,https://www.nba.com/stats/player/78076/traditional?PerMode=Totals,NBA.com CDN public-source development import.
sharman-bill,78126,Bill Sharman,1950s,11,711,17.8,3.9,3.0,,,42.6,,88.3,78,18.5,3.7,2.6,,,42.6,,91.1,0,7,,4,,https://www.nba.com/stats/player/78126/awards,https://www.nba.com/stats/player/78126/traditional?PerMode=Totals,NBA.com CDN public-source development import.
stockton-john,304,John Stockton,1990s,19,1504,13.1,2.7,10.5,2.2,0.2,51.5,38.4,82.6,182,13.4,3.3,10.1,1.9,0.3,47.3,32.6,81.0,0,11,0,0,0,https://www.nba.com/stats/player/304/awards,https://www.nba.com/stats/player/304/traditional?PerMode=Totals,NBA.com CDN public-source development import.
thomas-isiah,78318,Isiah Thomas,1980s,13,979,19.2,3.6,9.3,1.9,0.3,45.2,29.0,75.9,111,20.4,4.7,8.9,2.1,0.3,44.1,34.6,76.9,0,5,0,2,1,https://www.nba.com/stats/player/78318/awards,https://www.nba.com/stats/player/78318/traditional?PerMode=Totals,NBA.com CDN public-source development import.
thurmond-nate,600001,Nate Thurmond,1970s,14,964,15.0,15.0,2.7,,,42.1,,66.7,81,11.9,13.6,2.8,,,41.6,,62.1,0,0,,0,0,https://www.nba.com/stats/player/600001/awards,https://www.nba.com/stats/player/600001/traditional?PerMode=Totals,NBA.com CDN public-source development import.
unseld-wes,78392,Wes Unseld,1970s,13,984,10.8,14.0,3.9,,,50.9,50.0,63.3,119,10.6,14.9,3.8,,,49.3,0.0,60.8,1,1,,1,1,https://www.nba.com/stats/player/78392/awards,https://www.nba.com/stats/player/78392/traditional?PerMode=Totals,NBA.com CDN public-source development import.
wade-dwyane,2548,Dwyane Wade,2010s,16,1054,22.0,4.7,5.4,1.5,0.8,48.0,29.3,76.5,177,22.3,5.2,4.9,1.5,1.0,47.4,33.8,78.0,0,8,0,3,1,https://www.nba.com/stats/player/2548/awards,https://www.nba.com/stats/player/2548/traditional?PerMode=Totals,NBA.com CDN public-source development import.
walton-bill,78450,Bill Walton,1980s,10,468,13.3,10.5,3.4,0.8,2.2,52.1,0.0,66.0,49,10.8,9.1,3.0,0.7,1.7,52.5,0.0,67.3,1,2,0,2,1,https://www.nba.com/stats/player/78450/awards,https://www.nba.com/stats/player/78450/traditional?PerMode=Totals,NBA.com CDN public-source development import.
west-jerry,78497,Jerry West,1960s,14,932,27.0,5.8,6.7,,,47.4,,81.4,153,29.1,5.6,6.3,,,46.9,,80.5,0,12,,1,1,https://www.nba.com/stats/player/78497/awards,https://www.nba.com/stats/player/78497/traditional?PerMode=Totals,NBA.com CDN public-source development import.
westbrook-russell,201566,Russell Westbrook,2010s,18,1301,20.9,6.9,8.0,1.6,0.3,43.8,30.8,77.1,135,22.5,6.7,7.1,1.7,0.3,40.5,29.9,82.0,1,9,0,0,0,https://www.nba.com/stats/player/201566/awards,https://www.nba.com/stats/player/201566/traditional?PerMode=Totals,NBA.com CDN public-source development import.
wilkens-lenny,78530,Lenny Wilkens,1960s,15,1077,16.5,4.7,6.7,,,43.2,,77.4,64,16.1,5.8,5.8,,,39.9,,76.9,0,0,,0,0,https://www.nba.com/stats/player/78530/awards,https://www.nba.com/stats/player/78530/traditional?PerMode=Totals,Wikimedia Commons public domain in the United States; Malcolm Emmons; https://commons.wikimedia.org/wiki/File:Lenny_Wilkens_1968_(cropped).jpeg
wilkins-dominique,1122,Dominique Wilkins,1980s,15,1074,24.8,6.7,2.5,1.3,0.6,46.1,31.9,81.1,56,25.4,6.7,2.6,1.3,0.6,42.9,28.1,82.4,0,7,0,0,0,https://www.nba.com/stats/player/1122/awards,https://www.nba.com/stats/player/1122/traditional?PerMode=Totals,NBA.com CDN public-source development import.
worthy-james,1460,James Worthy,1980s,12,926,17.6,5.1,3.0,1.1,0.7,52.1,24.1,76.9,143,21.1,5.2,3.2,1.2,0.7,54.4,20.9,72.7,0,2,0,3,1,https://www.nba.com/stats/player/1460/awards,https://www.nba.com/stats/player/1460/traditional?PerMode=Totals,NBA.com CDN public-source development import.
jokic-nikola,203999,Nikola Jokić,2020s,11,810,22.2,11.1,7.5,1.3,0.7,56.1,36.2,82.5,100,27.4,12.4,7.7,1.2,0.9,52.0,37.3,83.3,3,8,0,1,1,https://www.nba.com/stats/player/203999/awards,https://www.nba.com/stats/player/203999/traditional?PerMode=Totals,NBA.com CDN public-source development import.
embiid-joel,203954,Joel Embiid,2020s,10,490,27.6,10.8,3.7,0.9,1.6,50.0,33.9,83.0,66,24.8,10.5,3.3,0.8,1.6,45.9,27.7,82.8,1,5,0,0,0,https://www.nba.com/stats/player/203954/awards,https://www.nba.com/stats/player/203954/traditional?PerMode=Totals,NBA.com CDN public-source development import.
gilgeous-alexander-shai,1628983,Shai Gilgeous-Alexander,2020s,8,530,25.3,4.7,5.3,1.4,0.8,50.8,36.0,86.4,61,26.2,4.8,6.2,1.4,1.0,46.7,34.0,86.9,2,4,0,1,1,https://www.nba.com/stats/player/1628983/awards,https://www.nba.com/stats/player/1628983/traditional?PerMode=Totals,NBA.com CDN public-source development import.
doncic-luka,1629029,Luka Dončić,2020s,8,514,29.2,8.5,8.2,1.3,0.5,46.9,35.2,75.5,55,30.9,9.2,7.8,1.6,0.5,46.1,34.7,73.7,0,6,0,0,0,https://www.nba.com/stats/player/1629029/awards,https://www.nba.com/stats/player/1629029/traditional?PerMode=Totals,NBA.com CDN public-source development import.
tatum-jayson,1628369,Jayson Tatum,2020s,9,601,23.5,7.4,3.9,1.1,0.6,45.8,36.8,83.9,127,24.2,8.3,5.0,1.2,0.8,44.0,34.9,83.9,0,5,0,1,0,https://www.nba.com/stats/player/1628369/awards,https://www.nba.com/stats/player/1628369/traditional?PerMode=Totals,NBA.com CDN public-source development import.
booker-devin,1626164,Devin Booker,2020s,11,737,24.6,4.0,5.3,0.9,0.3,46.3,35.2,87.3,51,27.5,5.0,5.2,1.0,0.4,48.4,38.0,89.0,0,2,0,0,0,https://www.nba.com/stats/player/1626164/awards,https://www.nba.com/stats/player/1626164/traditional?PerMode=Totals,NBA.com CDN public-source development import.
irving-kyrie,202681,Kyrie Irving,2010s,14,779,23.7,4.1,5.6,1.3,0.4,47.4,39.4,88.8,96,23.0,3.7,4.9,1.3,0.6,45.8,39.2,88.3,0,3,0,1,0,https://www.nba.com/stats/player/202681/awards,https://www.nba.com/stats/player/202681/traditional?PerMode=Totals,NBA.com CDN public-source development import.
green-draymond,203110,Draymond Green,2010s,14,949,8.7,6.8,5.6,1.3,1.0,44.7,32.1,71.0,169,11.4,8.6,6.0,1.5,1.3,44.5,30.0,72.6,0,2,1,4,0,https://www.nba.com/stats/player/203110/awards,https://www.nba.com/stats/player/203110/traditional?PerMode=Totals,NBA.com CDN public-source development import.
thompson-klay,202691,Klay Thompson,2010s,13,934,18.6,3.4,2.2,0.8,0.5,44.8,40.9,85.8,158,19.2,4.0,2.2,0.9,0.5,43.6,40.5,84.5,0,2,0,4,0,https://www.nba.com/stats/player/202691/awards,https://www.nba.com/stats/player/202691/traditional?PerMode=Totals,NBA.com CDN public-source development import.
howard-dwight,2730,Dwight Howard,2010s,18,1242,15.7,11.8,1.3,0.9,1.8,58.7,21.4,56.7,125,15.3,11.8,1.2,0.8,2.0,58.9,14.3,54.8,0,8,3,1,0,https://www.nba.com/stats/player/2730/awards,https://www.nba.com/stats/player/2730/traditional?PerMode=Totals,NBA.com CDN public-source development import.
gasol-pau,2200,Pau Gasol,2000s,18,1226,17.0,9.2,3.2,0.5,1.6,50.7,36.8,75.3,136,15.4,9.2,3.2,0.5,1.7,50.7,29.7,74.1,0,4,0,2,0,https://www.nba.com/stats/player/2200/awards,https://www.nba.com/stats/player/2200/traditional?PerMode=Totals,NBA.com CDN public-source development import.
parker-tony,2225,Tony Parker,2000s,18,1254,15.5,2.7,5.6,0.8,0.1,49.1,32.4,75.1,226,17.9,2.9,5.1,0.9,0.1,46.1,30.9,73.1,0,4,0,4,1,https://www.nba.com/stats/player/2225/awards,https://www.nba.com/stats/player/2225/traditional?PerMode=Totals,NBA.com CDN public-source development import.
ginobili-manu,1938,Manu Ginóbili,2000s,16,1057,13.3,3.5,3.8,1.3,0.3,44.7,36.9,82.7,218,14.0,4.0,3.8,1.3,0.3,43.3,35.8,81.7,0,2,0,4,0,https://www.nba.com/stats/player/1938/awards,https://www.nba.com/stats/player/1938/traditional?PerMode=Totals,NBA.com CDN public-source development import.
carter-vince,1713,Vince Carter,2000s,22,1541,16.7,4.3,3.1,1.0,0.6,43.5,37.1,79.8,88,18.1,5.4,3.4,1.1,0.5,41.6,33.8,79.6,0,2,0,0,0,https://www.nba.com/stats/player/1713/awards,https://www.nba.com/stats/player/1713/traditional?PerMode=Totals,NBA.com CDN public-source development import.
mcgrady-tracy,1503,Tracy McGrady,2000s,15,938,19.6,5.6,4.4,1.2,0.9,43.5,33.8,74.6,50,22.2,5.7,5.0,1.1,0.9,42.6,29.0,75.7,0,7,0,0,0,https://www.nba.com/stats/player/1503/awards,https://www.nba.com/stats/player/1503/traditional?PerMode=Totals,NBA.com CDN public-source development import.
english-alex,76673,Alex English,1980s,15,1193,21.5,5.5,3.6,0.9,0.7,50.7,21.7,83.2,68,24.4,5.5,4.3,0.7,0.5,50.3,0.0,86.2,0,3,0,0,0,https://www.nba.com/stats/player/76673/awards,https://www.nba.com/stats/player/76673/traditional?PerMode=Totals,"Wikimedia Commons public domain, U.S. Department of State; https://commons.wikimedia.org/wiki/File:Alex_English,_Visitante_Ilustre_(14935074624)_(cropped).jpg"
gilmore-artis,600014,Artis Gilmore,1980s,12,909,17.1,10.1,2.0,0.5,1.9,59.9,7.7,71.3,42,11.7,8.0,1.1,0.6,1.7,56.8,,68.0,0,0,0,0,0,https://www.nba.com/stats/player/600014/awards,https://www.nba.com/stats/player/600014/traditional?PerMode=Totals,NBA.com CDN public-source development import.
king-bernard,77264,Bernard King,1980s,14,874,22.5,5.8,3.3,1.0,0.3,51.8,17.2,73.0,28,24.5,4.3,2.3,0.9,0.2,55.9,25.0,72.9,0,4,0,0,0,https://www.nba.com/stats/player/77264/awards,https://www.nba.com/stats/player/77264/traditional?PerMode=Totals,NBA.com CDN public-source development import.
dantley-adrian,76504,Adrian Dantley,1980s,15,955,24.3,5.7,3.0,1.0,0.2,54.0,17.1,81.8,73,21.3,5.4,2.3,0.9,0.1,52.5,0.0,79.6,0,2,0,0,0,https://www.nba.com/stats/player/76504/awards,https://www.nba.com/stats/player/76504/traditional?PerMode=Totals,NBA.com CDN public-source development import.
mutombo-dikembe,87,Dikembe Mutombo,1990s,18,1196,9.8,10.3,1.0,0.4,2.8,51.8,0.0,68.4,101,9.1,9.5,0.8,0.4,2.5,51.7,0.0,70.3,0,3,4,0,0,https://www.nba.com/stats/player/87/awards,https://www.nba.com/stats/player/87/traditional?PerMode=Totals,NBA.com CDN public-source development import.
wallace-ben,1112,Ben Wallace,2000s,16,1088,5.7,9.6,1.3,1.3,2.0,47.4,13.7,41.4,130,7.2,11.2,1.3,1.5,1.9,48.2,0.0,41.8,0,5,4,1,0,https://www.nba.com/stats/player/1112/awards,https://www.nba.com/stats/player/1112/traditional?PerMode=Totals,NBA.com CDN public-source development import.
moncrief-sidney,77626,Sidney Moncrief,1980s,11,767,15.6,4.7,3.6,1.2,0.3,50.2,28.4,83.1,93,16.0,5.0,3.4,1.1,0.4,47.5,29.3,81.1,0,5,2,0,0,https://www.nba.com/stats/player/77626/awards,https://www.nba.com/stats/player/77626/traditional?PerMode=Totals,"Wikimedia Commons public domain, U.S. Department of Veterans Affairs; https://commons.wikimedia.org/wiki/File:Sidney_Moncrief_2015.jpg"
webber-chris,185,Chris Webber,2000s,15,831,20.7,9.8,4.2,1.4,1.4,47.9,29.9,64.9,80,18.7,8.7,3.6,1.1,1.1,46.4,26.9,61.1,0,5,0,0,0,https://www.nba.com/stats/player/185/awards,https://www.nba.com/stats/player/185/traditional?PerMode=Totals,NBA.com CDN public-source development import.
hill-grant,255,Grant Hill,1990s,18,1026,16.7,6.0,4.1,1.2,0.6,48.3,31.4,76.9,39,13.4,6.1,3.6,0.9,0.5,46.9,23.8,78.1,0,5,0,0,0,https://www.nba.com/stats/player/255/awards,https://www.nba.com/stats/player/255/traditional?PerMode=Totals,NBA.com CDN public-source development import.
